;;;;
6142521;ALKAR;0;60;
6125521;ALKAR;0;60;
05-24-1138;AMIWA;0;60;
30169;Asam;0;60;
452002;ATIHO;0;60;
1005;AUDI;0;60;
130019810;AUTOMEGA;0;60;
OS3312;BGA;0;60;
ADG046142;BLUEPRINT;0;60;
51778049942;Bmw;0;60;
24117552349;Bmw;0;60;
1987949403;BOSCH;0;60;
1987947909;BOSCH;0;60;
1987432012;BOSCH;0;60;
3397004632;BOSCH;0;60;
3397007555;BOSCH;0;60;
BSG 90-615-011;BSG;0;60;
100019RX;CAREX;0;60;
T11BJ3501080;CHERY;0;60;
A118111200CA;CHERY;0;60;
T11-1602020;CHERY;0;60;
6PK1352;CONTITECH;0;60;
120 138 58B;CORTECO;0;60;
52070427AB;Crown;0;60;
CVKD-14;CTR;0;60;
CBKS-6;CTR;0;60;
94650;DAYCO;0;60;
1H2802;DELTA;0;60;
665-1108L-LD-EMF;DEPO;0;60;
2221104L2LD;DEPO;0;60;
DBD1705;DYNAMAX;0;60;
1522014;ELWIS;0;60;
NSB-JT30F;FEBEST;0;60;
NSB-E11EF;FEBEST;0;60;
AS-6007-2RS;FEBEST;0;60;
BP53107;FENOX;0;60;
SP40007;FENOX;0;60;
AP 186/1;FILTRON;0;60;
1214239;FORD;0;60;
5433XS;GATES;0;60;
1406312;General Motors;0;60;
96276700;General Motors;0;60;
GH040025;GMB;0;60;
0K20332240A;GMB;0;60;
FG521;GOODWILL;0;60;
T11XLB3AH2203111;GREAT WALL;0;60;
1001110-D01;GREAT WALL;0;60;
8104400-K12;GREAT WALL;0;60;
224412G100 OEM;Hyundai-Kia ;0;60;
PP-315AF;JAPANPARTS;0;60;
TH387;Knecht/Mahle;0;60;
LA 144;Knecht/Mahle;0;60;
OC475;Knecht/Mahle;0;60;
K152329;KRONER;0;60;
36397 01;Lemforder;0;60;
05P877;LPR;0;60;
6T47852;LPR;0;60;
845533;LUX;0;60;
C8978;LYNX;0;60;
117FL22;LYNX;0;60;
6PK1042EL;LYNX;0;60;
C8022;LYNX;0;60;
C8021;LYNX;0;60;
C8021;LYNX;0;60;
LAC-1403C;LYNX;0;60;
LF-1607;LYNX;0;60;
MB4PK665;MANDO;0;60;
60803;MAPCO;0;60;
MFC-1912;MASUMA;0;60;
BBP35182X;MAZDA;0;60;
2711810259;Mercedes;0;60;
500051125;MEYLE;0;60;
CI-SB-14915;MOOG;0;60;
c060178;NAKAMOTO;0;60;
501034;OCAP;0;60;
PCS872033;PATRON;0;60;
PF2196;PATRON;0;60;
9023SS;Peugeot-Citroen;0;60;
PTP0608;PILENGA;0;60;
PXNLA-231;PMC;0;60;
7701034545;RENAULT;0;60;
97-99514-2;RTS;0;60;
4005150;SASIC;0;60;
9001740;SASIC;0;60;
9001740;SASIC;0;60;
STFDA5000R0;Sat;0;60;
ST-48198-22020;Sat;0;60;
SA 1300;SCT;0;60;
GR001326;SFEC;0;60;
NLDSMILAN0712;SIM;0;60;
1622053110;SSANG YONG;0;60;
1096 002B-SX;STELLOX;0;60;
598 011B-SX;STELLOX;0;60;
79-00548-SX;STELLOX;0;60;
20-00002-SX;STELLOX;0;60;
56-01014A-SX;STELLOX;0;60;
VN5474;TORQUE;0;60;
TC-1033;TOTACHI;0;60;
61134;TSN;0;60;
61135;TSN;0;60;
09.07.1976;TSN;0;60;
9.7.729;TSN;0;60;
624-198-XW05;UXCLENT;0;60;
5J0853665A 9B9;VAG;0;60;
04E115561H;VAG;0;60;
N10406105;VAG;0;60;
71-53904-00;VICTOR REINZ;0;60;
VBS3341PS;VITE;0;60;
4442000;YENMAK;0;60;
RN1701A;YIH SHENG;0;60;
BM3B02AR;YIH SHENG;0;60;
P24102402052;√‡Á;0;60;
;;;;
;;;;
;;;;
;;;;
;;;;
;;;;
;;;;
;;;;
;;;;
;;;;
;;;;
;;;;
;;;;
;;;;
;;;;
;;;;
;;;;
;;;;
;;;;
;;;;
;;;;
